school,sex,age,address,famsize,Pstatus,Medu,Fedu,traveltime,studytime,failures,schoolsup,famsup,paid,activities,nursery,higher,internet,romantic,famrel,freetime,goout,Dalc,Walc,health,absences,G3,performance,Mjob_health,Mjob_other,Mjob_services,Mjob_teacher,Fjob_health,Fjob_other,Fjob_services,Fjob_teacher,reason_home,reason_other,reason_reputation,guardian_mother,guardian_other
0,0,18,1,0,0,4,4,2,2,0,1,0,0,0,1,1,0,0,4,3,4,1,1,3,6,6,Low,False,False,False,False,False,False,False,True,False,False,False,True,False
0,0,17,1,0,1,1,1,1,2,0,0,1,0,0,0,1,1,0,5,3,3,1,1,3,4,6,Low,False,False,False,False,False,True,False,False,False,False,False,False,False
0,0,15,1,1,1,1,1,1,2,3,1,0,1,0,1,1,1,0,4,3,2,2,3,3,10,10,Medium,False,False,False,False,False,True,False,False,False,True,False,True,False
0,0,15,1,0,1,4,2,1,3,0,0,1,1,1,1,1,1,1,3,2,2,1,1,5,2,15,High,True,False,False,False,False,False,True,False,True,False,False,True,False
0,0,16,1,0,1,3,3,1,2,0,0,1,1,0,1,1,0,0,4,3,2,1,2,5,4,10,Medium,False,True,False,False,False,True,False,False,True,False,False,False,False
0,1,16,1,1,1,4,3,1,2,0,0,1,1,1,1,1,1,0,5,4,2,1,2,5,10,15,High,False,False,True,False,False,True,False,False,False,False,True,True,False
0,1,16,1,1,1,2,2,1,2,0,0,0,0,0,1,1,1,0,4,4,4,1,1,3,0,11,Medium,False,True,False,False,False,True,False,False,True,False,False,True,False
0,0,17,1,0,0,4,4,2,2,0,1,1,0,0,1,1,0,0,4,1,4,1,1,1,6,6,Low,False,True,False,False,False,False,False,True,True,False,False,True,False
0,1,15,1,1,0,3,2,1,2,0,0,1,1,0,1,1,1,0,4,2,2,1,1,1,0,19,High,False,False,True,False,False,True,False,False,True,False,False,True,False
0,1,15,1,0,1,3,4,1,2,0,0,1,1,1,1,1,1,0,5,5,1,1,1,5,0,15,High,False,True,False,False,False,True,False,False,True,False,False,True,False
0,0,15,1,0,1,4,4,1,2,0,0,1,1,0,1,1,1,0,3,3,3,1,2,2,0,9,Low,False,False,False,True,True,False,False,False,False,False,True,True,False
0,0,15,1,0,1,2,1,3,3,0,0,1,0,1,1,1,1,0,5,2,2,1,1,4,4,12,Medium,False,False,True,False,False,True,False,False,False,False,True,False,False
0,1,15,1,1,1,4,4,1,1,0,0,1,1,1,1,1,1,0,4,3,3,1,3,5,2,14,Medium,True,False,False,False,False,False,True,False,False,False,False,False,False
0,1,15,1,0,1,4,3,2,2,0,0,1,1,0,1,1,1,0,5,4,3,1,2,3,2,11,Medium,False,False,False,True,False,True,False,False,False,False,False,True,False
0,1,15,1,0,0,2,2,1,3,0,0,1,0,0,1,1,1,1,4,5,2,1,1,3,0,16,High,False,True,False,False,False,True,False,False,True,False,False,False,True
0,0,16,1,0,1,4,4,1,1,0,0,1,0,0,1,1,1,0,4,4,4,1,2,2,4,14,Medium,True,False,False,False,False,True,False,False,True,False,False,True,False
0,0,16,1,0,1,4,4,1,3,0,0,1,1,1,1,1,1,0,3,2,3,1,2,2,6,14,Medium,False,False,True,False,False,False,True,False,False,False,True,True,False
0,0,16,1,0,1,3,3,3,2,0,1,1,0,1,1,1,0,0,5,3,2,1,1,4,4,10,Medium,False,True,False,False,False,True,False,False,False,False,True,True,False
0,1,17,1,0,1,3,2,1,1,3,0,1,0,1,1,1,1,0,5,5,5,2,4,5,16,5,Low,False,False,True,False,False,False,True,False,False,False,False,True,False
0,1,16,1,1,1,4,3,1,1,0,0,0,1,1,1,1,1,0,3,1,3,1,3,5,4,10,Medium,True,False,False,False,False,True,False,False,True,False,False,False,False
0,1,15,1,0,1,4,3,1,2,0,0,0,0,0,1,1,1,0,4,4,1,1,1,1,0,15,High,False,False,False,True,False,True,False,False,False,False,True,True,False
0,1,15,1,0,1,4,4,1,1,0,0,1,1,0,1,1,1,0,5,4,2,1,1,5,0,15,High,True,False,False,False,True,False,False,False,False,True,False,False,False
0,1,16,1,1,1,4,2,1,2,0,0,0,0,1,1,1,1,0,4,5,1,1,3,5,2,16,High,False,False,False,True,False,True,False,False,False,False,False,True,False
0,1,16,1,1,1,2,2,2,2,0,0,1,0,1,1,1,1,0,5,4,4,2,4,5,0,12,Medium,False,True,False,False,False,True,False,False,False,False,True,True,False
0,0,15,0,0,1,2,4,1,3,0,1,1,1,1,1,1,1,0,4,3,2,1,1,5,2,8,Low,False,False,True,False,True,False,False,False,False,False,False,True,False
0,0,16,1,0,1,2,2,1,1,2,0,1,1,0,0,1,1,0,1,2,2,1,3,5,14,8,Low,False,False,True,False,False,False,True,False,True,False,False,True,False
0,1,15,1,0,1,2,2,1,1,0,0,1,1,0,1,1,1,0,4,2,2,1,2,5,2,11,Medium,False,True,False,False,False,True,False,False,True,False,False,True,False
0,1,15,1,0,1,4,2,1,1,0,0,0,1,0,1,1,1,0,2,2,4,2,4,1,4,15,High,True,False,False,False,False,False,True,False,False,True,False,True,False
0,1,16,1,1,0,3,4,1,2,0,1,1,0,1,1,1,1,0,5,3,3,1,1,5,4,11,Medium,False,False,True,False,False,True,False,False,True,False,False,True,False
0,1,16,1,0,1,4,4,1,2,0,0,1,1,1,1,1,1,1,4,4,5,5,5,5,16,11,Medium,False,False,False,True,False,False,False,True,True,False,False,True,False
0,1,15,1,0,1,4,4,1,2,0,0,1,1,0,0,1,1,0,5,4,2,3,4,5,0,12,Medium,True,False,False,False,False,False,True,False,True,False,False,True,False
0,1,15,1,0,1,4,4,2,2,0,0,1,0,1,1,1,1,0,4,3,1,1,1,5,0,17,High,False,False,True,False,False,False,True,False,False,False,True,True,False
0,1,15,0,0,1,4,3,1,2,0,0,1,0,1,1,1,1,1,4,5,2,1,1,5,0,16,High,False,False,False,True,False,False,False,False,False,False,False,True,False
0,1,15,1,1,1,3,3,1,2,0,0,0,0,1,0,1,1,0,5,3,2,1,1,2,0,12,Medium,False,True,False,False,False,True,False,False,False,False,False,True,False
0,1,16,1,0,1,3,2,1,1,0,0,1,1,0,0,1,1,0,5,4,3,1,1,5,0,15,High,False,True,False,False,False,True,False,False,True,False,False,True,False
0,0,15,1,0,1,2,3,2,1,0,0,1,0,1,1,1,0,0,3,5,1,1,1,5,0,6,Low,False,True,False,False,False,True,False,False,False,True,False,False,False
0,1,15,1,1,1,4,3,1,3,0,0,1,0,1,1,1,1,0,5,4,3,1,1,4,2,18,High,False,False,False,True,False,False,True,False,True,False,False,True,False
0,1,16,0,0,0,4,4,2,3,0,0,1,0,1,1,1,1,1,2,4,3,1,1,5,7,15,High,False,True,False,False,False,False,False,True,False,False,True,True,False
0,0,15,0,0,1,3,4,1,3,0,1,1,1,1,1,1,1,0,4,3,2,1,1,5,2,11,Medium,False,False,True,False,True,False,False,False,False,False,False,True,False
0,0,15,0,0,1,2,2,1,1,0,1,1,1,1,1,1,0,0,4,3,1,1,1,2,8,13,Medium,False,False,False,False,False,True,False,False,False,False,True,True,False
0,0,16,1,1,1,2,2,2,2,1,0,1,0,1,0,1,1,1,3,3,3,1,2,3,25,11,Medium,False,True,False,False,False,True,False,False,True,False,False,True,False
0,1,15,1,1,1,4,4,1,1,0,0,1,0,0,0,1,1,1,5,4,3,2,4,5,8,12,Medium,False,False,False,True,False,True,False,False,True,False,False,False,True
0,1,15,1,0,1,4,4,1,2,0,0,1,0,1,1,1,1,0,4,3,3,1,1,5,2,18,High,False,False,True,False,False,False,False,True,False,False,False,False,False
0,1,15,1,0,1,2,2,1,1,0,1,1,0,0,1,1,1,0,5,4,1,1,1,1,0,11,Medium,False,False,True,False,False,False,True,False,False,False,False,False,False
0,0,16,1,1,1,2,2,2,2,1,1,0,0,1,1,1,1,0,4,3,3,2,2,5,14,9,Low,False,True,False,False,False,False,False,False,False,False,False,False,False
0,0,15,1,1,0,4,3,1,2,0,1,1,1,1,1,1,1,1,5,2,2,1,1,5,8,6,Low,False,True,False,False,False,True,False,False,False,False,False,True,False
0,0,16,1,1,0,3,3,1,2,0,0,1,0,0,1,1,1,0,2,3,5,1,4,3,12,11,Medium,False,True,False,False,False,False,True,False,True,False,False,True,False
0,1,16,1,0,1,4,3,1,4,0,0,0,0,1,1,1,1,0,4,2,2,1,1,2,4,20,High,True,False,False,False,False,False,True,False,False,False,True,True,False
0,1,15,1,0,1,4,2,1,2,0,0,1,1,0,1,1,0,0,4,3,3,2,2,5,2,14,Medium,False,False,False,True,False,True,False,False,True,False,False,True,False
0,0,15,1,0,1,4,4,1,2,1,1,1,0,1,0,1,1,0,4,4,4,1,1,3,2,7,Low,False,False,True,False,False,False,False,True,False,True,False,False,False
0,0,16,1,1,1,2,2,3,2,0,0,1,1,0,1,1,1,0,4,3,3,2,3,4,2,13,Medium,False,False,True,False,False,False,True,False,False,False,False,True,False
0,0,15,1,1,1,4,2,1,2,0,0,1,1,0,1,1,1,0,4,3,3,1,1,5,2,13,Medium,True,False,False,False,False,True,False,False,False,True,False,True,False
0,1,15,1,1,0,4,2,2,1,1,0,0,0,0,1,1,0,0,5,5,5,3,4,5,6,10,Medium,True,False,False,False,True,False,False,False,False,True,False,False,False
0,0,15,1,0,1,4,4,1,1,0,1,1,1,0,1,1,1,0,3,3,4,2,3,5,0,11,Medium,False,False,True,False,False,False,True,False,False,False,False,True,False
0,0,15,1,1,0,3,3,1,1,0,0,0,1,0,1,1,1,0,5,3,4,4,4,1,6,13,Medium,False,True,False,False,False,True,False,False,False,True,False,True,False
0,0,16,1,0,0,2,1,1,2,0,0,0,1,1,1,1,1,1,5,3,4,1,1,2,8,10,Medium,False,True,False,False,False,True,False,False,False,True,False,True,False
0,0,15,1,0,0,4,3,1,2,0,0,1,1,1,1,1,1,0,4,3,2,1,1,1,0,15,High,False,False,True,False,False,False,True,False,False,False,True,True,False
0,1,15,1,0,1,4,4,1,2,0,0,1,0,1,1,1,0,0,3,2,2,1,1,5,4,15,High,False,False,False,True,True,False,False,False,False,False,True,True,False
0,1,15,1,1,1,1,2,1,2,0,1,1,0,1,1,1,1,0,4,3,2,1,1,5,2,9,Low,False,True,False,False,False,False,False,False,True,False,False,False,False
0,0,16,1,0,1,4,2,1,2,0,0,1,0,0,1,1,1,0,4,2,3,1,1,5,2,16,High,False,False,True,False,False,True,False,False,False,False,False,True,False
0,0,16,0,0,1,4,4,1,2,0,0,1,0,1,1,1,0,0,2,4,4,2,3,4,6,11,Medium,True,False,False,False,False,False,False,True,False,True,False,True,False
0,0,16,1,0,1,1,1,4,1,0,1,1,0,1,0,1,1,1,5,5,5,5,5,5,6,11,Medium,False,False,True,False,False,False,True,False,False,False,False,False,False
0,0,16,1,1,1,1,2,1,2,0,1,0,0,1,1,1,1,0,4,4,3,1,1,1,4,9,Low,False,True,False,False,False,False,True,False,False,False,True,False,False
0,0,16,1,0,1,4,3,1,3,0,1,1,1,1,1,1,1,0,3,4,4,2,4,4,2,9,Low,False,False,False,True,True,False,False,False,True,False,False,True,False
0,0,15,1,1,1,4,3,1,2,0,1,0,0,1,1,1,1,1,4,4,4,2,4,2,0,10,Medium,False,False,True,False,False,False,True,False,False,False,True,False,False
0,0,16,1,1,1,4,3,3,2,0,0,1,0,1,1,1,1,0,5,4,3,1,2,1,2,15,High,False,False,False,True,False,False,True,False,False,False,False,True,False
0,1,15,1,0,0,4,4,1,4,0,0,1,0,1,0,1,1,1,1,3,3,5,5,3,4,12,Medium,False,True,False,False,False,False,True,False,False,False,True,True,False
0,0,16,1,0,1,3,1,1,4,0,1,1,1,0,1,1,1,0,4,3,3,1,2,5,4,6,Low,False,False,True,False,False,True,False,False,False,False,False,True,False
0,0,15,0,1,1,2,2,2,2,0,1,1,1,0,1,1,1,0,4,1,3,1,3,4,2,8,Low,True,False,False,False,False,False,True,False,False,False,True,True,False
0,0,15,0,1,1,3,1,2,4,0,0,1,0,0,0,1,1,0,4,4,2,2,3,3,12,16,High,False,True,False,False,False,True,False,False,False,False,True,False,False
0,1,16,1,0,1,3,1,2,4,0,0,1,1,0,1,1,1,0,4,3,2,1,1,5,0,15,High,False,True,False,False,False,True,False,False,False,False,True,False,False
0,1,15,1,0,1,4,2,1,4,0,0,0,0,0,1,1,1,0,3,3,3,1,1,3,0,10,Medium,False,True,False,False,False,True,False,False,False,False,False,True,False
0,0,15,0,0,1,1,1,1,2,2,1,1,0,0,0,1,1,1,3,3,4,2,4,5,2,5,Low,False,True,False,False,False,True,False,False,False,False,True,True,False
0,1,16,1,0,1,3,1,1,1,0,0,0,0,1,1,1,0,0,5,3,2,2,2,5,2,14,Medium,False,True,False,False,False,True,False,False,False,False,True,True,False
0,0,16,1,0,1,3,3,1,2,0,1,1,1,1,1,1,1,0,4,3,3,2,4,5,54,11,Medium,False,True,False,False,False,False,True,False,True,False,False,True,False
0,1,15,1,0,1,4,3,1,2,0,0,1,1,1,1,1,1,0,4,3,3,2,3,5,6,10,Medium,False,False,False,True,False,True,False,False,True,False,False,True,False
0,1,15,1,0,1,4,0,2,4,0,0,0,0,1,1,1,1,0,3,4,3,1,1,1,8,10,Medium,False,False,False,True,False,True,False,False,False,False,False,True,False
0,0,16,1,0,1,2,2,1,4,0,0,0,1,0,1,1,1,1,5,2,3,1,3,3,0,11,Medium,False,True,False,False,False,True,False,False,False,False,True,True,False
0,1,17,1,0,1,2,1,2,1,3,1,1,0,1,1,0,1,0,4,5,1,1,1,3,2,10,Medium,False,True,False,False,False,True,False,False,True,False,False,True,False
0,0,16,1,0,1,3,4,1,2,0,0,1,0,0,1,1,1,0,2,4,3,1,2,3,12,5,Low,False,False,False,False,False,True,False,False,False,False,False,True,False
0,1,15,1,0,1,2,3,1,1,0,1,1,1,1,0,1,1,1,3,2,2,1,3,3,2,12,Medium,False,True,False,False,False,False,True,False,False,False,False,False,False
0,1,15,1,0,1,2,3,1,3,0,1,0,1,0,0,1,1,0,5,3,2,1,2,5,4,11,Medium,False,True,False,False,False,True,False,False,True,False,False,True,False
0,0,15,1,1,1,3,2,1,2,0,0,1,1,0,1,1,1,0,4,4,4,1,1,5,10,6,Low,False,False,True,False,False,True,False,False,False,False,True,True,False
0,1,15,1,1,1,2,2,2,2,0,0,0,1,1,1,1,1,0,5,3,3,1,3,4,4,15,High,False,False,True,False,False,False,True,False,True,False,False,True,False
0,0,15,1,0,1,1,1,1,2,0,0,1,0,1,0,1,1,0,4,3,2,2,3,4,2,10,Medium,False,True,False,False,False,True,False,False,True,False,False,False,False
0,0,15,1,0,1,4,4,2,2,2,0,0,1,0,1,1,1,1,4,4,4,2,3,5,6,8,Low,False,False,True,False,False,False,True,False,False,False,True,False,False
0,0,16,1,1,1,2,2,1,2,0,0,1,0,0,1,1,0,0,4,3,4,1,2,2,4,6,Low,False,False,False,False,False,True,False,False,False,False,False,True,False
0,0,15,1,0,1,4,2,1,3,0,0,1,0,1,1,1,1,0,5,3,3,1,3,1,4,14,Medium,False,True,False,False,False,True,False,False,False,False,True,True,False
0,1,16,1,0,1,2,2,2,2,1,0,0,1,1,0,1,1,0,4,4,2,1,1,3,12,10,Medium,False,False,True,False,False,True,False,False,False,False,True,False,False
0,1,16,1,1,0,4,4,1,2,0,0,1,0,0,1,1,0,0,4,1,3,3,5,5,18,7,Low,False,False,False,True,True,False,False,False,False,False,True,True,False
0,0,16,1,0,1,3,3,1,3,0,0,1,1,0,1,1,1,1,4,3,3,1,3,4,0,8,Low,False,True,False,False,False,True,False,False,True,False,False,True,False
0,0,15,1,0,1,4,3,1,1,0,0,0,1,1,1,1,1,0,4,5,5,1,3,1,4,18,High,False,False,True,False,False,True,False,False,False,False,True,True,False
0,0,16,1,1,1,3,1,1,2,0,1,1,0,0,1,1,0,0,3,3,3,2,3,2,4,6,Low,False,True,False,False,False,True,False,False,True,False,False,False,False
0,0,16,1,0,1,4,2,2,2,0,0,1,1,1,1,1,1,0,5,3,3,1,1,1,0,10,Medium,False,False,False,True,False,False,True,False,True,False,False,True,False
0,1,15,1,1,1,2,2,1,4,0,0,1,0,1,1,1,1,0,4,3,4,1,1,4,6,14,Medium,False,False,True,False,True,False,False,False,False,False,True,True,False
0,0,15,0,0,1,1,1,2,4,1,1,1,1,1,1,1,1,0,3,1,2,1,1,1,2,10,Medium,False,False,False,False,False,True,False,False,True,False,False,True,False
0,1,16,0,0,1,4,3,2,1,0,1,1,0,1,0,1,1,0,3,3,3,1,1,4,2,15,High,False,False,True,False,False,True,False,False,False,False,True,True,False
0,0,16,1,0,1,2,1,1,2,0,0,1,1,0,1,1,0,1,4,3,5,1,1,5,2,10,Medium,False,True,False,False,False,True,False,False,False,False,False,True,False
0,0,16,1,0,1,4,4,1,1,0,0,0,0,1,0,1,1,0,5,3,4,1,2,1,6,14,Medium,False,True,False,False,False,True,False,False,False,False,True,True,False
0,0,16,1,0,1,4,3,1,3,0,1,1,1,0,1,1,1,0,5,3,5,1,1,3,0,8,Low,False,True,False,False,False,False,False,False,False,False,False,True,False
0,1,16,1,0,1,4,4,1,1,0,1,1,1,1,1,1,1,0,4,5,5,5,5,4,14,5,Low,False,False,True,False,False,False,True,False,False,True,False,True,False
0,1,16,1,0,1,4,4,1,3,0,0,1,0,1,1,1,1,1,4,4,3,1,1,4,0,17,High,False,False,True,False,False,False,False,True,False,True,False,False,False
0,1,15,1,0,1,4,4,1,1,0,0,1,0,1,0,1,1,0,5,3,3,1,1,5,4,14,Medium,False,False,True,False,False,True,False,False,False,False,False,True,False
0,0,15,1,0,1,3,2,2,2,0,1,1,1,0,1,1,1,0,4,3,5,1,1,2,26,6,Low,False,False,True,False,False,True,False,False,True,False,False,True,False
0,1,15,1,0,0,3,4,1,2,0,0,1,1,1,1,1,1,0,5,4,4,1,1,1,0,18,High,False,False,True,False,False,True,False,False,False,False,False,True,False
0,0,15,1,0,0,3,3,1,4,0,1,0,0,0,1,1,0,0,4,3,3,1,1,4,10,11,Medium,False,True,False,False,True,False,False,False,False,False,True,False,False
0,0,15,1,0,1,2,2,1,4,0,1,1,1,0,1,1,1,0,5,1,2,1,1,3,8,8,Low,False,True,False,False,False,True,False,False,False,False,False,True,False
0,1,16,1,0,1,3,3,1,3,0,0,1,0,1,1,1,1,0,5,3,3,1,1,5,2,18,High,False,False,True,False,False,True,False,False,True,False,False,False,False
0,1,15,0,0,1,4,4,4,4,0,0,1,1,1,1,1,1,1,1,3,5,3,5,1,6,13,Medium,False,True,False,False,False,True,False,False,True,False,False,False,False
0,0,16,1,1,1,4,4,1,3,0,0,1,1,1,1,1,1,1,5,4,5,1,1,4,4,16,High,True,False,False,False,True,False,False,False,False,True,False,True,False
0,1,15,1,1,0,4,4,1,1,0,0,0,0,1,1,1,1,0,5,5,3,1,1,4,6,19,High,False,False,False,True,False,False,False,True,False,False,False,True,False
0,0,16,0,0,1,3,3,1,3,1,1,1,0,1,1,1,1,0,4,1,2,1,1,2,0,10,Medium,False,False,True,False,False,True,False,False,False,False,True,False,False
0,0,16,1,0,1,2,2,1,2,1,1,0,0,1,1,1,1,0,3,1,2,1,1,5,6,13,Medium,False,False,False,False,False,True,False,False,True,False,False,True,False
0,1,15,1,1,1,4,2,1,1,0,0,0,0,0,1,1,1,0,3,5,2,1,1,3,10,19,High,False,False,False,True,False,True,False,False,False,False,False,True,False
0,1,15,0,0,1,2,1,1,2,0,0,0,0,1,1,1,1,1,5,4,2,1,1,5,8,9,Low,True,False,False,False,False,False,True,False,False,False,True,True,False
0,1,16,1,0,1,4,4,1,2,0,0,1,0,1,1,1,1,0,5,4,4,1,2,5,2,16,High,False,False,False,True,False,False,False,True,False,False,False,False,False
0,1,15,1,0,1,4,4,2,2,0,0,1,0,1,1,1,0,0,4,4,3,1,1,2,2,14,Medium,False,True,False,False,False,False,False,True,False,False,True,False,False
0,1,16,1,0,1,3,3,2,1,0,0,0,0,1,1,1,1,0,5,4,2,1,1,5,0,13,Medium,False,True,False,False,False,False,True,False,True,False,False,False,False
0,1,17,0,0,1,1,3,3,2,1,0,1,0,1,1,1,1,0,5,2,4,1,4,5,20,8,Low,False,True,False,False,False,True,False,False,False,False,False,False,False
0,1,15,1,0,1,3,4,1,1,0,0,0,0,0,1,1,1,0,3,4,3,1,2,4,6,13,Medium,False,True,False,False,False,True,False,False,False,False,True,False,False
0,0,15,1,0,1,1,2,1,2,0,0,0,0,0,0,1,1,0,3,2,3,1,2,1,2,15,High,False,False,False,False,False,False,True,False,False,False,False,True,False
0,1,15,1,0,1,2,2,1,4,0,0,1,1,1,1,1,1,0,5,5,4,1,2,5,6,15,High,False,False,True,False,False,False,True,False,True,False,False,False,False
0,0,16,1,1,1,2,4,2,2,0,0,1,1,1,1,1,1,1,4,2,2,1,2,5,2,13,Medium,False,True,False,False,True,False,False,False,False,False,False,False,False
0,1,16,1,0,1,4,4,1,1,0,0,1,0,1,1,1,1,0,3,4,4,1,4,5,18,13,Medium,True,False,False,False,False,True,False,False,False,False,False,True,False
0,0,16,1,0,1,2,2,1,2,0,0,0,1,0,1,1,1,1,5,4,4,1,1,5,0,8,Low,False,True,False,False,False,True,False,False,True,False,False,True,False
0,1,15,1,0,1,3,4,1,1,0,1,0,0,0,1,1,1,0,5,5,5,3,2,5,0,12,Medium,False,False,True,False,False,False,True,False,True,False,False,False,False
0,0,15,1,1,0,3,4,1,2,0,1,0,0,1,1,1,1,1,5,3,2,1,1,1,0,11,Medium,False,True,False,False,False,True,False,False,True,False,False,True,False
0,0,19,1,0,1,0,1,1,2,3,0,1,0,0,0,0,0,0,3,4,2,1,1,5,2,9,Low,False,False,False,False,False,True,False,False,False,False,False,False,True
0,1,18,0,0,1,2,2,1,1,2,0,1,0,1,1,1,1,0,3,3,3,1,2,4,0,0,Low,False,False,True,False,False,True,False,False,False,False,True,True,False
0,1,16,0,0,1,4,4,1,1,0,0,0,1,1,1,1,1,0,3,5,5,2,5,4,8,18,High,False,False,False,True,False,False,False,True,False,False,False,True,False
0,0,15,0,0,1,3,4,2,3,2,0,1,0,0,1,1,1,1,4,2,2,2,2,5,0,0,Low,False,False,True,False,False,False,False,True,False,False,False,False,False
0,0,15,1,0,1,1,1,3,1,0,0,1,0,1,0,1,1,1,4,3,3,1,2,4,0,0,Low,False,False,False,False,False,True,False,False,False,False,False,True,False
0,0,17,1,1,1,2,2,1,1,0,0,1,0,0,1,1,1,1,3,4,4,1,3,5,12,12,Medium,False,True,False,False,False,True,False,False,False,False,False,False,False
0,0,16,1,0,0,3,4,1,1,0,0,0,0,0,1,1,1,0,3,2,1,1,4,5,16,11,Medium,False,False,True,False,False,True,False,False,False,False,False,False,False
0,1,15,0,0,1,3,4,4,2,0,0,1,0,0,1,1,0,1,5,3,3,1,1,5,0,0,Low,False,False,False,False,False,False,False,True,False,False,False,True,False
0,0,15,1,0,1,4,4,1,3,0,0,1,0,1,1,1,1,1,4,3,3,1,1,5,0,0,Low,False,False,True,False,False,False,False,False,False,False,False,True,False
0,1,17,0,0,1,3,4,3,2,0,0,0,0,0,1,1,0,0,5,4,5,2,4,5,0,0,Low,False,False,False,False,False,True,False,False,False,False,False,True,False
0,0,16,1,0,0,3,3,2,1,2,0,1,0,1,0,1,1,1,4,3,2,1,1,5,0,0,Low,False,True,False,False,False,True,False,False,False,False,False,False,True
0,1,16,1,1,1,1,1,1,2,1,0,0,0,0,1,1,0,1,4,4,4,1,3,5,0,12,Medium,False,False,True,False,False,True,False,False,False,False,False,True,False
0,0,15,1,0,1,4,4,2,1,0,0,0,0,1,1,1,1,0,4,3,2,1,1,5,0,15,High,False,False,False,True,False,False,False,True,False,False,False,True,False
0,1,15,1,0,1,4,3,2,4,0,1,1,0,0,1,1,1,0,2,2,2,1,1,3,0,0,Low,False,False,False,True,False,False,True,False,False,False,False,False,False
0,1,16,1,1,1,2,2,2,1,2,0,1,0,1,1,1,1,0,2,3,3,2,2,2,8,9,Low,False,False,True,False,False,False,True,False,False,False,True,False,False
0,0,15,1,0,1,4,4,1,3,0,0,1,1,1,1,1,1,0,4,2,2,1,1,5,2,11,Medium,False,False,False,True,False,False,True,False,False,False,False,True,False
0,0,16,1,1,1,1,1,1,1,0,0,0,0,0,1,1,1,0,3,4,4,3,3,1,2,13,Medium,False,False,False,False,False,False,False,False,False,False,False,True,False
0,1,17,1,0,1,2,1,1,1,3,0,1,0,0,1,1,1,0,5,4,5,1,2,5,0,0,Low,False,True,False,False,False,True,False,False,True,False,False,True,False
0,0,15,1,0,1,1,1,1,2,0,0,1,1,0,1,1,1,0,4,4,2,1,2,5,0,11,Medium,False,True,False,False,False,False,True,False,False,False,False,False,False
0,0,15,1,0,1,3,2,1,2,3,0,1,0,0,1,1,1,0,3,3,2,1,1,3,0,0,Low,True,False,False,False,False,False,True,False,True,False,False,False,False
0,0,15,1,0,1,1,2,1,2,0,0,1,1,0,0,1,1,0,4,3,2,1,1,5,2,11,Medium,False,False,False,False,False,True,False,False,False,False,False,True,False
0,1,16,1,0,1,4,4,1,1,0,0,1,0,0,1,0,1,1,3,3,2,2,1,5,0,0,Low,False,False,False,True,False,False,False,True,False,False,False,True,False
0,1,15,1,1,0,2,1,4,1,3,0,0,0,0,1,1,1,0,4,5,5,2,5,5,0,10,Medium,False,False,True,False,False,True,False,False,False,False,False,True,False
0,1,18,1,1,1,1,1,1,1,3,0,0,0,0,1,0,1,1,2,3,5,2,5,4,0,0,Low,False,True,False,False,False,True,False,False,False,False,False,True,False
0,1,16,1,1,1,2,1,1,1,1,0,0,0,1,1,1,0,1,4,4,4,3,5,5,6,14,Medium,False,False,False,False,False,True,False,False,False,False,False,True,False
0,0,15,0,0,1,3,3,2,3,2,0,1,1,1,1,1,1,1,4,2,1,2,3,3,8,10,Medium,False,False,True,False,False,False,True,False,False,False,True,False,True
0,1,19,1,0,1,3,2,1,1,3,0,1,0,0,1,0,1,1,4,5,4,1,1,4,0,0,Low,False,False,True,False,False,False,False,False,True,False,False,True,False
0,0,17,1,0,1,4,4,1,1,0,1,1,0,0,1,1,0,1,4,2,1,1,1,4,0,12,Medium,False,True,False,False,False,False,False,True,False,False,False,True,False
0,1,15,0,0,1,2,3,1,2,0,1,0,1,1,1,1,0,0,4,4,4,1,1,1,2,8,Low,False,False,False,False,False,False,True,False,False,False,False,True,False
0,1,17,0,1,1,1,2,1,1,0,0,0,0,0,1,1,0,0,2,2,2,3,3,5,8,13,Medium,False,True,False,False,False,True,False,False,False,False,True,True,False
0,0,18,0,0,1,1,1,3,1,3,0,1,0,1,0,1,0,0,5,2,5,1,5,4,6,10,Medium,False,False,False,False,False,True,False,False,False,False,False,True,False
0,1,16,0,0,1,2,2,3,1,0,0,0,0,0,0,1,0,0,4,2,2,1,2,3,2,15,High,False,False,False,False,False,True,False,False,False,False,False,True,False
0,1,16,1,0,1,3,3,1,2,1,0,1,1,0,1,1,1,1,4,5,5,4,4,5,4,12,Medium,False,True,False,False,False,False,True,False,False,False,False,False,False
0,1,17,0,1,1,2,1,2,1,2,0,0,0,1,1,0,1,1,3,3,2,2,2,5,0,0,Low,False,False,False,False,False,True,False,False,False,False,False,True,False
0,1,15,0,0,1,3,2,2,2,2,1,1,0,0,1,1,1,1,4,4,4,1,4,3,6,7,Low,False,True,False,False,False,True,False,False,False,False,False,True,False
0,1,16,1,1,1,1,2,2,1,1,0,0,0,1,1,1,0,0,4,4,4,2,4,5,0,0,Low,False,True,False,False,False,True,False,False,False,False,False,True,False
0,1,17,1,0,1,1,3,1,1,0,0,0,0,0,1,0,1,0,5,3,3,1,4,2,2,10,Medium,False,False,False,False,False,False,True,False,False,False,False,False,False
0,1,17,0,1,1,1,1,4,2,3,0,0,0,1,1,0,0,1,5,3,5,1,5,5,0,7,Low,False,True,False,False,False,False,True,False,False,False,False,True,False
0,1,16,1,0,1,3,2,2,1,1,0,1,0,1,0,0,0,0,4,5,2,1,1,2,16,12,Medium,False,False,True,False,False,False,True,False,False,False,False,True,False
0,1,16,1,0,1,2,2,1,2,0,0,0,0,0,1,0,1,0,4,3,5,2,4,4,4,10,Medium,False,True,False,False,False,True,False,False,False,False,False,False,False
0,0,16,1,0,1,4,2,1,2,0,0,0,1,0,1,1,1,1,4,2,3,1,1,3,0,16,High,True,False,False,False,False,False,True,False,True,False,False,False,False
0,0,16,1,0,1,2,2,1,2,0,0,1,1,0,0,1,1,0,5,1,5,1,1,4,0,0,Low,False,True,False,False,False,True,False,False,True,False,False,True,False
0,0,16,1,0,1,4,4,1,2,0,0,1,1,0,1,1,1,1,4,4,2,1,1,3,0,14,Medium,True,False,False,False,True,False,False,False,False,False,True,True,False
0,1,16,1,0,1,3,4,3,1,2,0,1,0,1,0,1,1,0,3,4,5,2,4,2,0,0,Low,False,True,False,False,False,True,False,False,False,False,False,False,False
0,1,16,1,0,1,1,0,2,2,0,0,1,1,1,1,1,1,1,4,3,2,1,1,3,2,16,High,False,True,False,False,False,True,False,False,False,False,True,True,False
0,1,17,1,1,1,4,4,1,2,0,0,1,1,1,1,1,1,0,4,4,4,1,3,5,0,10,Medium,False,False,False,True,False,True,False,False,False,False,True,True,False
0,0,16,1,0,1,1,3,1,2,3,0,0,0,1,0,1,1,1,4,3,5,1,1,3,0,0,Low,False,False,False,False,False,False,True,False,True,False,False,True,False
0,0,16,1,1,1,3,3,2,2,0,0,1,1,1,1,1,1,0,4,4,5,1,1,4,4,9,Low,False,True,False,False,False,True,False,False,False,False,True,True,False
0,1,17,1,1,1,4,3,2,2,0,0,0,1,1,1,1,1,0,4,4,4,4,4,4,4,9,Low,False,False,False,True,False,True,False,False,False,False,False,True,False
0,0,16,1,0,1,2,2,2,2,0,0,0,1,1,0,1,1,0,3,4,4,1,4,5,2,11,Medium,False,False,True,False,False,True,False,False,False,False,True,True,False
0,1,17,1,0,1,3,3,1,2,0,0,0,0,1,0,1,1,0,4,3,4,1,4,4,4,6,Low,False,True,False,False,False,True,False,False,False,False,True,False,False
0,1,16,0,0,1,4,2,1,1,0,0,1,0,1,1,1,1,1,4,3,3,3,4,3,10,9,Low,False,False,False,True,False,False,True,False,False,True,False,True,False
0,1,17,1,0,1,4,3,1,2,0,0,1,0,1,1,1,1,1,5,2,3,1,1,2,4,11,Medium,False,True,False,False,False,True,False,False,False,False,False,True,False
0,1,16,1,0,1,4,3,1,2,0,0,1,1,1,1,1,1,0,3,4,3,2,3,3,10,8,Low,False,False,False,True,False,True,False,False,True,False,False,True,False
0,1,16,1,0,1,3,3,1,2,0,0,0,1,1,1,1,1,1,4,2,3,1,2,3,2,12,Medium,False,False,True,False,False,True,False,False,True,False,False,True,False
0,0,17,1,0,1,2,4,1,2,0,0,1,0,1,1,1,0,0,5,4,2,2,3,5,0,17,High,False,False,True,False,False,False,True,False,False,False,True,False,False
0,0,17,1,1,1,3,3,1,2,0,0,1,0,1,1,1,1,1,5,3,3,2,3,1,56,8,Low,False,True,False,False,False,True,False,False,False,False,True,True,False
0,0,16,1,0,1,3,2,1,2,0,0,1,1,0,1,1,1,0,1,2,2,1,2,1,14,12,Medium,False,True,False,False,False,True,False,False,False,False,True,True,False
0,1,17,1,0,1,3,3,1,2,0,0,1,0,1,1,1,1,1,4,3,4,2,3,4,12,11,Medium,False,False,True,False,False,False,True,False,False,True,False,True,False
0,1,16,1,0,1,1,2,1,1,0,0,1,1,1,1,1,1,1,3,3,3,1,2,3,2,11,Medium,False,False,True,False,False,False,True,False,False,True,False,True,False
0,1,16,1,1,1,2,1,1,2,0,0,0,1,1,1,1,1,1,4,2,3,1,2,5,0,15,High,False,True,False,False,False,True,False,False,False,False,False,True,False
0,0,17,1,0,0,3,3,1,2,0,0,1,0,0,0,1,1,1,3,3,3,1,3,3,6,9,Low,True,False,False,False,False,True,False,False,False,False,True,True,False
0,1,17,0,0,1,1,2,1,2,0,0,0,0,0,1,1,0,0,3,1,3,1,5,3,4,10,Medium,False,False,False,False,False,True,False,False,True,False,False,True,False
0,0,16,1,0,1,2,3,1,2,0,0,0,0,0,1,1,1,0,4,3,3,1,1,2,10,13,Medium,False,False,True,False,False,False,True,False,False,False,False,True,False
0,0,17,1,0,1,1,1,1,2,0,0,0,0,1,1,1,1,0,5,3,3,1,1,3,0,9,Low,False,False,False,False,False,False,True,False,False,False,False,True,False
0,1,17,1,0,1,1,2,2,2,0,0,0,1,1,0,1,1,0,4,4,4,4,5,5,12,8,Low,False,False,False,False,False,False,True,False,False,True,False,False,True
0,1,16,0,0,1,3,3,1,1,0,0,1,0,1,1,1,1,0,4,3,2,3,4,5,8,10,Medium,False,False,True,False,False,False,True,False,False,False,True,True,False
0,1,16,1,0,1,2,3,2,1,0,0,0,0,0,1,1,1,0,5,3,3,1,1,3,0,14,Medium,False,True,False,False,False,True,False,False,True,False,False,False,False
0,0,17,1,1,1,2,4,1,2,0,0,0,0,1,1,1,1,1,4,3,2,1,1,5,0,15,High,False,False,True,False,False,False,True,False,False,False,False,False,False
0,1,17,1,0,1,4,4,1,1,0,0,0,0,0,1,1,1,0,5,2,3,1,2,5,4,16,High,False,False,True,False,False,False,False,True,True,False,False,True,False
0,1,16,0,1,1,3,3,3,1,0,0,1,1,1,1,1,1,0,3,3,4,3,5,3,8,10,Medium,False,False,False,True,False,True,False,False,True,False,False,False,False
0,0,17,1,0,1,4,4,2,1,1,0,1,0,0,1,1,1,0,4,2,4,2,3,2,24,18,High,False,False,True,False,False,False,False,True,True,False,False,True,False
0,0,16,1,1,1,4,4,1,2,0,0,1,1,0,1,1,1,0,4,5,2,1,2,3,0,10,Medium,False,False,False,True,False,False,False,True,False,False,True,True,False
0,0,16,1,0,1,4,3,1,2,0,0,1,0,1,1,1,1,0,4,3,5,1,5,2,2,16,High,True,False,False,False,False,True,False,False,True,False,False,True,False
0,0,16,1,0,1,2,3,1,2,0,1,1,1,1,1,1,0,0,4,4,3,1,3,4,6,10,Medium,False,True,False,False,False,True,False,False,False,False,True,True,False
0,0,17,1,0,1,1,1,1,2,0,0,1,1,0,0,1,0,0,4,4,4,1,3,1,4,10,Medium,False,True,False,False,False,True,False,False,False,False,False,True,False
0,0,17,0,0,1,2,2,1,1,0,0,1,0,0,1,1,1,0,5,3,2,1,2,3,18,6,Low,False,True,False,False,False,True,False,False,False,False,True,True,False
0,0,16,0,0,1,2,2,2,4,0,0,1,1,1,0,1,1,0,5,3,5,1,1,5,6,11,Medium,False,False,True,False,False,False,True,False,False,False,True,True,False
0,0,17,1,0,1,3,4,1,3,1,0,1,1,0,1,1,1,1,4,4,3,3,4,5,28,9,Low,False,False,False,False,False,False,True,False,True,False,False,True,False
0,0,16,1,0,0,3,1,1,2,3,0,1,1,0,1,1,1,0,2,3,3,2,2,4,5,7,Low,False,False,True,False,False,True,False,False,False,False,False,True,False
0,0,16,1,0,1,4,3,1,2,0,0,0,1,1,1,1,1,1,1,3,2,1,1,1,10,13,Medium,False,False,False,True,False,True,False,False,False,True,False,True,False
0,0,16,1,0,1,1,1,2,1,0,0,1,1,0,1,1,0,0,4,3,2,1,4,5,6,10,Medium,False,False,False,False,False,True,False,False,True,False,False,True,False
0,0,17,0,0,1,4,3,2,3,0,0,1,1,1,1,1,1,1,4,4,2,1,1,4,6,7,Low,False,False,False,True,False,True,False,False,False,False,True,True,False
0,0,19,1,0,1,3,3,1,4,0,0,1,1,1,1,1,1,0,4,3,3,1,2,3,10,8,Low,False,True,False,False,False,True,False,False,False,False,True,False,True
0,1,17,1,1,1,4,4,1,2,0,0,1,1,0,1,1,1,1,5,3,5,4,5,3,13,13,Medium,False,False,True,False,False,True,False,False,True,False,False,True,False
0,0,16,1,0,0,2,2,1,2,0,1,1,1,0,1,1,1,0,3,3,4,1,1,4,0,14,Medium,False,True,False,False,False,True,False,False,False,False,True,True,False
0,1,18,1,0,1,2,2,1,2,1,0,1,1,1,1,1,1,0,4,4,4,2,4,5,15,8,Low,False,False,True,False,False,True,False,False,True,False,False,True,False
0,0,17,0,1,1,4,4,1,1,0,0,1,1,0,1,1,0,0,5,2,1,1,2,3,12,10,Medium,False,False,True,False,False,True,False,False,False,True,False,True,False
0,0,17,1,1,1,3,2,2,2,0,0,0,1,0,1,1,1,0,4,4,4,1,3,1,2,15,High,False,True,False,False,False,True,False,False,False,False,True,True,False
0,0,17,1,0,1,4,3,1,2,2,0,0,1,0,1,1,1,1,3,4,5,2,4,1,22,4,Low,False,True,False,False,False,True,False,False,False,False,True,True,False
0,1,18,1,1,1,3,3,1,2,1,0,1,1,0,1,1,1,0,3,2,4,2,4,4,13,8,Low,False,False,True,False,True,False,False,False,True,False,False,False,False
0,0,17,1,0,1,2,3,2,1,0,0,1,1,0,1,1,0,0,3,3,3,1,4,3,3,8,Low,False,False,False,False,False,True,False,False,True,False,False,False,False
0,0,17,1,0,1,2,2,1,3,0,0,1,1,1,1,1,1,0,4,3,3,1,1,4,4,10,Medium,False,False,False,False,False,False,False,False,False,False,False,True,False
0,0,17,0,0,1,2,1,2,2,0,0,1,0,1,1,1,1,0,4,2,5,1,2,5,2,6,Low,False,False,False,False,False,False,True,False,False,False,True,True,False
0,0,17,1,0,1,1,1,1,3,1,0,1,0,1,1,1,0,1,4,3,4,1,1,5,0,0,Low,False,False,False,False,False,True,False,False,False,False,True,True,False
0,0,16,1,0,1,2,3,1,2,0,1,0,0,0,1,1,1,0,2,3,1,1,1,3,2,17,High,False,False,True,False,False,False,False,True,False,True,False,True,False
0,1,18,1,0,1,2,2,2,2,0,0,1,1,0,1,1,1,0,3,3,3,5,5,4,0,13,Medium,False,True,False,False,False,True,False,False,True,False,False,True,False
0,0,16,1,0,1,4,4,1,3,0,0,1,0,1,0,1,1,0,5,3,2,1,1,5,0,14,Medium,False,False,False,True,False,False,True,False,True,False,False,True,False
0,0,18,0,0,1,3,1,1,2,1,0,0,0,1,1,1,1,1,5,3,3,1,1,4,16,7,Low,False,True,False,False,False,True,False,False,False,False,True,True,False
0,0,17,1,0,1,3,2,1,2,0,0,0,0,1,0,1,1,0,5,3,4,1,3,3,10,15,High,False,True,False,False,False,True,False,False,False,False,False,True,False
0,1,17,1,1,1,2,3,1,2,0,0,1,1,0,0,1,1,0,5,3,3,1,3,3,2,12,Medium,False,False,True,False,False,False,True,False,False,False,True,False,False
0,1,18,1,1,1,2,1,4,2,0,1,1,1,1,1,1,1,1,4,3,2,4,5,3,14,9,Low,False,False,False,False,False,True,False,False,False,False,False,True,False
0,0,17,1,0,0,2,1,2,3,0,0,0,0,1,1,1,1,1,3,2,3,1,2,3,10,12,Medium,False,True,False,False,False,True,False,False,False,False,False,True,False
0,0,17,1,1,1,4,3,1,2,0,0,0,0,1,1,1,1,1,3,2,3,1,2,3,14,14,Medium,True,False,False,False,False,True,False,False,False,False,True,False,False
0,1,17,0,0,1,2,2,2,2,0,0,1,1,1,1,1,1,0,4,5,2,1,1,1,4,11,Medium,False,True,False,False,False,True,False,False,False,False,False,False,False
0,1,17,1,0,1,4,4,1,2,0,1,1,0,1,1,1,1,1,4,5,5,1,3,2,14,9,Low,False,False,False,True,False,False,False,True,False,False,True,True,False
0,1,16,1,0,1,4,4,1,2,0,0,1,1,1,1,1,1,0,4,2,4,2,4,1,2,13,Medium,True,False,False,False,False,True,False,False,False,False,True,False,False
0,1,16,1,1,1,1,1,2,2,0,0,1,1,0,1,1,1,0,3,4,2,1,1,5,18,6,Low,False,True,False,False,False,True,False,False,True,False,False,True,False
0,1,16,1,0,1,3,2,2,3,0,0,0,0,1,1,1,1,1,5,3,3,1,3,2,10,10,Medium,False,False,False,False,False,True,False,False,False,False,True,True,False
0,1,17,1,1,1,2,2,1,2,0,0,0,1,1,0,1,1,1,4,4,2,5,5,4,4,13,Medium,False,True,False,False,False,True,False,False,True,False,False,False,False
0,0,16,1,0,1,2,1,1,1,0,0,0,0,0,1,1,1,1,4,5,2,1,1,5,20,12,Medium,False,True,False,False,False,True,False,False,True,False,False,True,False
0,0,17,0,0,1,2,1,3,2,0,0,0,0,1,1,1,0,0,2,1,1,1,1,3,2,11,Medium,False,False,False,False,False,False,True,False,False,False,False,True,False
0,1,18,1,0,1,2,2,1,2,1,0,0,0,0,1,0,1,0,5,5,4,3,5,2,0,0,Low,False,True,False,False,False,False,True,False,False,False,True,False,False
0,1,17,1,1,1,4,3,2,2,0,0,0,0,1,1,1,1,1,2,5,5,1,4,5,14,12,Medium,True,False,False,False,False,True,False,False,False,False,False,True,False
0,1,17,0,1,0,4,4,2,2,0,0,1,1,0,1,1,1,0,3,3,3,2,3,4,2,12,Medium,False,False,False,True,False,True,False,False,False,False,False,True,False
0,1,16,1,1,1,4,3,1,1,0,0,0,0,1,0,1,1,0,5,4,5,1,1,3,0,0,Low,False,False,False,True,False,True,False,False,False,False,False,True,False
0,1,16,1,0,1,4,4,1,1,0,0,0,0,1,1,1,1,0,5,3,2,1,2,5,0,12,Medium,False,False,True,False,False,False,True,False,False,False,False,True,False
0,0,18,1,0,1,2,1,2,3,0,0,1,1,0,0,1,1,1,4,4,4,1,1,3,0,0,Low,False,True,False,False,False,True,False,False,False,False,False,False,True
0,1,16,1,0,1,2,1,3,1,0,0,0,0,0,1,1,1,0,4,3,3,1,1,4,6,18,High,False,True,False,False,False,True,False,False,False,False,False,True,False
0,1,17,1,0,1,2,3,2,1,0,0,0,0,0,1,1,1,0,5,2,2,1,1,2,4,13,Medium,False,True,False,False,False,True,False,False,False,False,False,False,False
0,1,22,1,0,1,3,1,1,1,3,0,0,0,0,0,0,1,1,5,4,5,5,5,1,16,8,Low,False,False,True,False,False,False,True,False,False,True,False,True,False
0,1,18,0,1,1,3,3,1,2,1,0,1,0,0,1,1,1,1,4,3,3,1,3,5,8,5,Low,False,True,False,False,False,False,True,False,False,False,False,True,False
0,1,16,1,0,1,0,2,1,1,0,0,0,1,0,0,1,1,0,4,3,2,2,4,5,0,15,High,False,True,False,False,False,True,False,False,False,True,False,True,False
0,1,18,1,0,1,3,2,2,1,1,0,0,0,0,1,0,1,0,4,4,5,2,4,5,0,8,Low,False,False,True,False,False,True,False,False,False,False,False,True,False
0,1,16,1,0,1,3,3,3,2,0,1,1,0,0,0,1,1,0,5,3,3,1,3,2,6,10,Medium,False,False,False,False,False,True,False,False,False,False,True,False,True
0,1,18,1,0,1,2,1,1,1,1,0,0,0,0,0,0,1,0,3,2,5,2,5,5,4,8,Low,False,False,True,False,False,False,True,False,False,True,False,True,False
0,1,16,0,0,1,2,1,2,1,0,0,0,0,1,0,1,0,0,3,3,2,1,3,3,0,8,Low,False,True,False,False,False,True,False,False,False,False,False,True,False
0,1,17,0,0,1,2,1,1,1,0,0,0,0,0,0,1,1,0,4,4,2,2,4,5,0,12,Medium,False,True,False,False,False,True,False,False,False,False,False,True,False
0,1,17,1,1,1,1,1,2,1,1,0,1,0,1,1,1,1,0,4,4,4,1,2,5,2,8,Low,True,False,False,False,False,True,False,False,False,False,False,True,False
0,0,17,1,1,1,4,2,1,4,0,0,1,1,1,1,1,1,0,4,2,3,1,1,4,6,13,Medium,False,False,False,True,False,False,True,False,False,False,True,True,False
0,1,19,1,1,0,4,3,1,2,0,0,1,0,0,1,1,1,0,4,3,1,1,1,1,12,11,Medium,False,False,True,False,False,False,False,False,False,False,True,True,False
0,1,18,1,0,1,2,1,1,2,0,0,0,0,1,1,1,1,0,5,2,4,1,2,4,8,14,Medium,False,True,False,False,False,True,False,False,True,False,False,True,False
0,0,17,1,1,1,2,2,1,4,0,0,0,1,1,1,1,1,1,3,4,1,1,1,2,0,0,Low,False,False,True,False,False,False,True,False,False,False,False,False,False
0,0,18,1,0,1,4,3,1,2,0,0,1,1,0,1,1,1,1,3,1,2,1,3,2,21,18,High,False,False,True,False,False,True,False,False,True,False,False,False,False
0,1,18,1,0,1,4,3,1,2,0,0,1,1,0,0,1,1,0,4,3,2,1,1,3,2,8,Low,False,False,False,True,False,True,False,False,False,False,False,True,False
0,1,18,0,0,1,3,2,1,3,0,0,0,0,1,0,1,0,0,5,3,2,1,1,3,1,12,Medium,False,True,False,False,False,True,False,False,False,False,False,True,False
0,0,17,1,0,1,3,3,1,3,0,0,0,0,1,0,1,0,0,3,2,3,1,1,4,4,9,Low,False,True,False,False,False,True,False,False,True,False,False,True,False
0,0,18,1,0,1,2,2,1,3,0,0,1,1,1,1,1,1,1,4,3,3,1,1,3,0,0,Low,False,False,False,False,False,False,True,False,True,False,False,True,False
0,1,18,0,1,0,3,4,2,2,0,0,1,1,1,1,1,1,0,4,2,5,3,4,1,13,17,High,False,True,False,False,False,True,False,False,False,False,True,True,False
0,1,17,1,0,1,3,1,1,2,0,0,0,1,1,1,1,1,1,5,4,4,3,4,5,2,10,Medium,False,False,True,False,False,True,False,False,False,True,False,True,False
0,0,18,0,0,1,4,4,2,2,0,0,0,1,1,1,1,1,0,4,3,4,2,2,4,8,11,Medium,False,False,False,True,False,True,False,False,False,False,True,True,False
0,1,18,1,0,1,4,2,1,2,0,0,1,1,1,1,1,1,1,5,4,5,1,3,5,10,10,Medium,True,False,False,False,False,True,False,False,False,False,True,False,False
0,0,18,0,0,1,2,1,2,2,0,0,1,0,0,1,0,1,1,4,3,5,1,2,3,0,0,Low,False,True,False,False,False,True,False,False,False,False,True,True,False
0,0,19,1,0,1,3,3,1,2,2,0,1,1,1,1,1,1,0,4,3,5,3,3,5,15,9,Low,False,True,False,False,False,False,True,False,True,False,False,False,True
0,0,18,1,0,1,2,3,1,4,0,0,1,1,1,1,1,1,1,4,5,5,1,3,2,4,14,Medium,False,True,False,False,False,False,True,False,False,False,True,False,False
0,0,18,1,1,1,1,1,2,2,0,0,1,1,0,0,1,0,0,4,4,3,1,1,3,2,11,Medium,False,True,False,False,False,True,False,False,True,False,False,True,False
0,1,17,0,0,1,1,2,1,2,0,0,1,1,1,0,1,0,1,3,5,2,2,2,1,2,14,Medium,False,False,False,False,False,False,False,False,True,False,False,True,False
0,0,17,1,0,1,2,4,2,2,0,0,1,1,0,1,1,1,1,4,3,3,1,1,1,2,10,Medium,False,False,False,False,True,False,False,False,False,False,True,True,False
0,0,17,1,1,1,2,2,2,2,0,1,1,1,0,1,1,1,1,4,4,4,2,3,5,6,12,Medium,False,False,True,False,False,True,False,False,False,False,False,True,False
0,0,18,0,0,0,3,2,2,2,0,0,0,0,0,0,0,1,1,4,1,1,1,1,5,75,9,Low,False,True,False,False,False,False,True,False,True,False,False,True,False
0,1,18,1,0,1,4,4,2,1,0,0,0,1,1,1,1,1,0,3,2,4,1,4,3,22,9,Low,False,False,False,True,False,False,True,False,True,False,False,True,False
0,0,18,1,0,1,4,4,1,2,1,1,1,0,1,1,1,1,1,2,4,4,1,1,4,15,8,Low,True,False,False,False,True,False,False,False,False,False,True,False,False
0,1,18,1,1,1,4,3,2,1,0,0,0,1,1,1,1,1,0,4,2,3,1,2,1,8,10,Medium,False,False,False,True,False,False,True,False,False,False,False,True,False
0,1,17,1,1,0,4,1,2,1,0,0,0,1,1,1,1,1,1,4,5,4,2,4,5,30,8,Low,False,False,True,False,False,True,False,False,True,False,False,True,False
0,1,17,1,1,0,3,2,1,1,1,0,0,0,0,1,1,1,0,4,4,4,3,4,3,19,10,Medium,False,False,False,True,False,False,True,False,True,False,False,True,False
0,0,18,0,1,1,1,1,2,4,0,0,1,1,1,1,1,0,0,5,2,2,1,1,3,1,12,Medium,False,False,False,False,False,True,False,False,False,False,True,True,False
0,0,18,1,0,1,1,1,2,2,0,1,0,0,1,1,1,1,0,5,4,4,1,1,4,4,10,Medium,False,True,False,False,False,True,False,False,True,False,False,True,False
0,0,17,1,0,1,2,2,1,2,0,0,1,0,0,0,1,1,0,5,4,5,1,2,5,4,11,Medium,False,True,False,False,False,True,False,False,False,False,False,True,False
0,1,17,1,0,1,1,1,1,2,0,0,0,1,0,0,1,1,0,4,3,3,1,2,4,2,11,Medium,False,True,False,False,False,True,False,False,False,False,True,False,False
0,0,18,1,0,1,2,2,1,3,0,0,1,1,0,1,1,1,0,4,3,3,1,2,2,5,19,High,False,False,False,False,False,False,False,False,False,True,False,True,False
0,0,17,1,0,1,1,1,1,3,0,0,1,1,0,1,1,1,0,4,3,3,1,1,3,6,12,Medium,False,False,True,False,False,False,False,True,False,False,True,True,False
0,1,18,1,0,1,2,1,1,3,0,0,0,1,1,1,1,1,0,4,2,4,1,3,2,6,14,Medium,False,False,True,False,False,False,True,False,False,False,True,True,False
0,1,18,1,1,0,4,4,1,2,0,0,1,1,1,1,1,1,0,5,4,3,1,1,2,9,15,High,False,False,False,True,False,False,False,True,False,False,True,True,False
0,1,18,1,0,1,4,2,1,2,0,0,1,1,1,1,1,1,1,4,3,2,1,4,5,11,11,Medium,False,False,False,True,False,True,False,False,True,False,False,True,False
0,0,17,1,0,1,4,3,1,3,0,0,1,1,0,1,1,1,0,4,2,2,1,2,3,0,15,High,True,False,False,False,False,False,True,False,False,False,True,True,False
0,0,18,1,1,1,2,1,1,2,1,0,0,0,0,1,1,1,1,5,4,3,1,1,5,12,13,Medium,False,False,True,False,False,False,False,False,False,False,True,True,False
0,0,17,0,1,1,3,1,2,4,0,0,1,1,0,1,1,0,0,3,1,2,1,1,3,6,18,High,False,False,True,False,False,True,False,False,False,False,True,True,False
0,1,18,0,1,1,3,2,2,3,0,0,1,1,1,1,1,1,0,5,4,2,1,1,4,8,14,Medium,False,False,True,False,False,True,False,False,False,False,True,True,False
0,1,17,1,0,1,3,3,1,1,0,0,1,1,0,1,1,1,0,4,4,3,1,3,5,4,11,Medium,True,False,False,False,False,True,False,False,True,False,False,True,False
0,0,19,1,0,1,4,4,2,2,0,0,1,1,1,1,1,1,0,2,3,4,2,3,2,0,0,Low,True,False,False,False,False,True,False,False,False,False,True,False,True
0,0,18,1,1,1,4,3,2,2,0,0,1,1,0,1,1,1,1,4,4,5,1,2,2,10,8,Low,False,True,False,False,False,True,False,False,True,False,False,False,True
0,0,18,1,0,1,4,3,1,4,0,0,1,1,0,1,1,1,0,4,3,3,1,1,3,0,14,Medium,False,True,False,False,False,True,False,False,False,False,True,False,False
0,1,18,1,1,1,4,4,1,1,0,0,1,1,0,1,1,1,1,1,4,2,2,2,1,5,16,High,False,False,False,True,False,False,False,True,True,False,False,True,False
0,0,18,1,1,0,4,4,1,2,0,0,1,0,0,1,1,1,1,4,2,4,1,1,4,14,11,Medium,True,False,False,False,False,True,False,False,True,False,False,True,False
0,1,17,1,1,1,4,4,2,1,0,0,0,1,0,1,1,1,0,4,1,1,2,2,5,0,10,Medium,False,True,False,False,False,False,False,True,True,False,False,False,False
0,0,17,1,0,1,4,2,2,3,0,0,1,1,0,1,1,1,0,4,3,3,1,1,3,0,14,Medium,False,True,False,False,False,True,False,False,False,False,True,True,False
0,0,17,1,0,1,3,2,1,4,0,0,1,1,1,0,1,1,0,5,2,2,1,2,5,0,18,High,True,False,False,False,True,False,False,False,False,False,True,False,False
0,1,19,1,0,1,3,3,1,2,1,0,1,0,1,1,1,1,1,4,4,4,1,1,3,20,13,Medium,False,True,False,False,False,True,False,False,True,False,False,False,True
0,0,18,1,0,1,2,4,1,2,1,0,1,1,1,1,1,1,0,4,4,3,1,1,3,8,12,Medium,False,False,True,False,False,False,False,False,False,False,True,False,True
0,1,20,1,0,0,3,2,1,1,0,0,0,0,1,1,1,0,0,5,5,3,1,1,5,0,18,High,False,False,True,False,False,True,False,False,False,False,False,False,True
0,1,19,1,0,1,4,4,2,1,1,0,1,1,0,1,1,1,1,4,3,4,1,1,4,38,8,Low,False,False,False,True,False,False,True,False,False,False,True,False,True
0,1,19,0,0,1,3,3,1,2,1,0,0,0,1,1,1,0,1,4,5,3,1,2,5,0,12,Medium,False,True,False,False,False,False,True,False,False,False,True,False,False
0,0,19,1,1,1,1,1,1,2,1,1,1,0,1,0,1,1,0,4,4,3,1,3,3,18,10,Medium,False,False,False,False,False,True,False,False,False,False,True,False,True
0,0,19,1,1,1,1,2,1,2,1,0,0,0,1,0,1,0,1,4,2,4,2,2,3,0,0,Low,False,False,True,False,False,False,True,False,True,False,False,False,True
0,0,19,1,0,1,2,1,3,2,0,0,1,0,0,1,0,1,1,3,4,1,1,1,2,20,13,Medium,False,False,False,False,False,True,False,False,False,True,False,False,True
0,1,19,1,0,1,1,2,1,2,1,0,0,0,0,0,1,1,0,4,5,2,2,2,4,3,11,Medium,False,True,False,False,False,False,True,False,False,False,False,False,True
0,0,19,1,1,1,3,2,2,2,1,0,1,1,0,0,1,1,1,4,2,2,1,2,1,22,11,Medium,False,False,True,False,False,True,False,False,False,False,True,False,True
0,0,19,1,0,1,1,1,1,3,2,0,0,0,0,0,1,1,1,4,1,2,1,1,3,14,13,Medium,False,False,False,False,True,False,False,False,True,False,False,False,True
0,0,19,0,0,1,2,3,1,3,1,0,0,0,0,1,1,1,1,4,1,2,1,1,3,40,11,Medium,False,True,False,False,False,True,False,False,False,False,True,False,True
0,0,18,1,0,1,2,1,2,2,0,0,1,1,1,1,1,1,0,5,3,3,1,2,1,0,0,Low,False,False,True,False,False,True,False,False,False,False,False,True,False
0,0,18,1,0,1,4,3,1,3,0,0,1,1,1,1,1,1,1,4,3,4,1,1,5,9,9,Low,False,True,False,False,False,True,False,False,False,False,False,True,False
0,0,17,0,0,1,3,4,1,3,0,0,1,1,1,0,1,1,0,4,3,4,2,5,5,0,10,Medium,False,False,False,False,False,False,True,False,False,False,False,False,False
0,0,18,1,0,1,4,4,1,2,0,0,1,1,0,1,1,1,0,4,4,4,3,3,5,2,11,Medium,False,False,False,True,False,True,False,False,False,False,False,True,False
0,0,17,1,0,0,4,3,1,2,0,0,1,1,0,1,1,1,1,5,2,2,1,2,5,23,13,Medium,False,False,True,False,False,False,True,False,False,False,False,True,False
0,0,17,1,0,1,2,2,1,2,0,0,1,0,0,1,1,0,1,4,2,2,1,1,3,12,9,Low,False,True,False,False,False,True,False,False,False,False,False,True,False
0,0,17,0,1,1,2,2,1,3,0,0,1,1,1,1,1,1,0,3,3,2,2,2,3,3,11,Medium,False,False,True,False,False,False,True,False,False,False,False,True,False
0,0,17,1,0,1,3,1,1,3,0,0,1,0,0,0,1,1,0,3,4,3,2,3,5,1,15,High,False,False,True,False,False,False,True,False,False,False,False,False,False
0,0,17,1,1,1,0,2,2,3,0,0,0,0,0,1,1,1,0,3,3,3,2,3,2,0,15,High,False,False,False,False,False,False,False,False,True,False,False,False,False
0,1,18,1,0,1,4,4,1,3,0,0,0,0,1,1,1,1,0,4,3,3,2,2,3,3,11,Medium,False,True,False,False,False,True,False,False,False,False,False,True,False
0,1,17,1,0,1,3,3,1,1,0,0,0,0,1,0,1,1,0,4,3,5,3,5,5,3,16,High,False,True,False,False,False,False,True,False,False,False,True,True,False
0,1,17,0,0,1,2,2,4,1,0,0,1,0,0,1,1,1,0,4,4,5,5,5,4,8,10,Medium,False,False,True,False,False,True,False,False,False,False,False,True,False
0,0,17,1,0,1,4,4,1,3,0,0,1,1,1,1,1,1,0,5,4,4,1,3,4,7,9,Low,False,False,False,True,False,False,True,False,False,False,False,True,False
0,0,17,1,0,1,4,4,2,3,0,0,1,1,0,0,1,1,1,4,3,3,1,2,4,4,14,Medium,False,False,False,True,False,False,False,True,False,False,False,True,False
0,1,18,1,1,1,2,2,1,4,0,0,1,0,1,1,1,1,0,4,5,5,2,4,5,2,8,Low,False,True,False,False,False,True,False,False,False,False,False,True,False
0,0,17,0,0,1,2,4,1,3,0,0,1,0,0,1,1,1,1,4,4,3,1,1,5,7,14,Medium,False,False,False,False,False,True,False,False,False,False,False,False,False
0,0,18,1,0,1,3,3,1,2,0,0,0,0,1,1,1,1,0,5,3,4,1,1,4,0,0,Low,False,False,True,False,False,False,True,False,True,False,False,True,False
0,0,18,1,1,1,2,2,1,2,0,0,0,0,1,0,1,1,1,4,3,3,1,1,2,0,0,Low,False,True,False,False,False,True,False,False,True,False,False,False,True
0,0,18,0,0,1,2,2,2,4,0,0,0,0,1,1,1,0,0,4,4,4,1,1,4,0,0,Low,False,False,False,False,False,True,False,False,False,False,False,True,False
0,0,17,1,0,1,3,4,1,3,0,0,0,0,0,1,1,1,0,4,4,5,1,3,5,16,15,High,False,False,True,False,False,True,False,False,False,False,False,True,False
0,0,19,0,0,0,3,1,1,3,1,0,0,1,0,1,1,0,0,5,4,3,1,2,5,12,13,Medium,False,False,True,False,False,False,False,False,True,False,False,False,True
0,0,17,1,0,1,3,2,1,2,0,0,1,1,0,1,1,1,1,4,3,2,2,3,2,0,0,Low,False,True,False,False,False,True,False,False,True,False,False,True,False
0,0,18,1,1,1,3,3,1,4,0,0,1,0,0,1,1,1,0,5,3,3,1,1,1,7,17,High,False,False,True,False,False,False,True,False,True,False,False,True,False
0,0,17,0,0,0,3,2,1,2,0,0,1,1,0,1,1,1,0,4,3,3,2,3,2,4,10,Medium,False,True,False,False,False,True,False,False,True,False,False,True,False
0,0,19,1,0,1,2,1,1,3,1,0,0,1,1,1,1,1,1,4,3,4,1,3,3,4,11,Medium,False,False,True,False,False,False,True,False,True,False,False,False,True
0,1,18,1,0,1,4,4,1,2,1,0,1,0,1,1,1,1,0,4,3,3,2,2,2,0,0,Low,False,False,False,True,False,False,True,False,True,False,False,False,False
0,1,18,1,1,1,3,4,1,2,0,0,0,0,1,1,1,1,1,4,3,3,1,3,5,11,15,High,False,False,True,False,False,True,False,False,True,False,False,True,False
0,0,17,1,0,0,2,2,1,2,1,0,1,0,0,1,1,1,1,3,3,1,1,2,4,0,0,Low,False,False,False,False,False,False,False,False,True,False,False,False,False
0,0,18,1,0,1,2,3,1,3,0,0,1,0,0,1,1,1,0,4,3,3,1,2,3,4,10,Medium,False,False,False,False,False,True,False,False,False,False,False,True,False
0,0,18,1,0,1,3,2,1,3,0,0,0,0,0,1,1,1,1,5,4,3,2,3,1,7,14,Medium,False,True,False,False,False,False,True,False,False,True,False,True,False
0,1,18,0,0,1,4,3,1,3,0,0,0,0,0,1,1,1,1,5,3,2,1,2,4,9,16,High,False,False,False,True,False,False,True,False,False,False,False,True,False
0,1,18,1,0,1,4,3,1,3,0,0,1,1,0,1,1,1,1,5,4,5,2,3,5,0,9,Low,False,False,False,True,False,True,False,False,False,False,False,True,False
0,0,17,1,0,1,4,3,1,3,0,0,1,1,1,1,1,1,1,4,4,3,1,3,4,0,15,High,True,False,False,False,False,True,False,False,False,False,True,True,False
1,1,18,0,0,1,3,2,2,1,1,0,1,0,0,0,1,1,0,2,5,5,5,5,5,10,13,Medium,False,True,False,False,False,True,False,False,False,False,False,True,False
1,1,19,0,0,1,1,1,3,2,3,0,0,0,0,1,1,1,0,5,4,4,3,3,2,8,8,Low,False,True,False,False,False,False,True,False,True,False,False,False,True
1,1,17,1,0,1,3,3,2,2,0,0,1,1,0,1,1,1,0,4,5,4,2,3,3,2,13,Medium,True,False,False,False,False,True,False,False,False,False,False,True,False
1,1,18,1,1,1,1,3,1,1,1,0,0,0,0,1,0,1,1,4,3,3,2,3,3,7,8,Low,False,False,False,False,False,False,True,False,False,False,False,True,False
1,1,19,0,0,1,1,1,3,1,1,0,1,0,0,1,1,1,0,4,4,4,3,3,5,4,8,Low,False,True,False,False,False,True,False,False,True,False,False,False,True
1,1,17,0,0,1,4,3,2,2,0,0,1,1,1,0,1,1,1,4,5,5,1,3,2,4,11,Medium,False,False,True,False,False,True,False,False,True,False,False,True,False
1,0,18,1,0,1,3,3,1,2,0,0,1,0,0,1,1,0,1,5,3,4,1,1,5,0,9,Low,False,False,True,False,False,False,True,False,False,False,False,False,False
1,0,17,0,0,1,4,4,2,2,0,0,1,1,1,1,1,1,0,4,3,3,1,2,5,4,13,Medium,False,False,False,True,False,False,True,False,False,True,False,False,False
1,0,17,1,1,0,3,2,2,2,0,0,0,0,0,1,1,0,1,1,2,3,1,2,5,2,11,Medium,False,False,True,False,False,True,False,False,False,False,True,True,False
1,1,18,1,1,1,1,1,2,1,0,0,0,0,0,0,1,1,1,3,3,2,1,2,3,4,10,Medium,False,True,False,False,False,False,True,False,True,False,False,False,False
1,0,18,1,1,1,1,1,2,3,0,0,0,0,0,1,1,1,0,5,3,2,1,1,4,0,16,High,False,False,False,False,False,False,True,False,False,False,False,False,False
1,0,18,0,1,0,1,4,3,2,0,0,0,0,0,1,1,0,1,4,3,4,1,4,5,0,13,Medium,False,False,False,False,False,True,False,False,False,False,False,True,False
1,1,18,0,1,1,1,1,2,2,1,0,0,0,1,0,0,0,0,4,4,3,2,3,5,2,12,Medium,False,False,False,False,False,True,False,False,False,True,False,True,False
1,0,18,1,0,1,3,3,2,2,0,0,1,0,0,1,1,1,1,4,3,2,1,3,3,0,10,Medium,False,False,True,False,False,False,True,False,False,True,False,True,False
1,0,17,1,1,1,4,4,1,2,0,0,1,1,1,1,1,1,1,2,3,4,1,1,1,0,15,High,False,False,False,False,False,False,False,False,False,False,False,True,False
1,0,17,0,0,1,1,2,2,2,0,0,0,0,0,0,1,0,0,3,2,2,1,2,3,0,12,Medium,False,True,False,False,False,False,True,False,False,False,False,False,False
1,1,18,0,0,1,1,3,2,2,0,0,1,1,0,1,1,0,0,3,3,4,2,4,3,4,10,Medium,False,False,False,False,False,True,False,False,False,False,False,True,False
1,1,18,1,1,1,4,4,2,3,0,0,0,1,0,1,1,1,1,4,2,2,2,2,5,0,13,Medium,False,False,False,True,False,False,True,False,False,True,False,True,False
1,0,17,0,0,1,1,1,3,1,1,0,1,1,0,1,1,1,1,5,2,1,1,2,1,0,0,Low,False,True,False,False,False,False,True,False,False,False,True,True,False
1,0,18,1,0,1,2,3,2,1,0,0,1,1,0,1,1,1,1,5,2,3,1,2,4,0,10,Medium,False,False,False,False,False,False,True,False,False,False,False,False,False
1,0,18,0,0,1,4,4,3,2,0,0,1,1,0,0,1,1,1,3,2,2,4,2,5,10,11,Medium,False,True,False,False,False,False,False,True,False,True,False,False,False
1,0,19,1,1,1,3,2,2,2,2,0,0,0,1,1,1,0,1,3,2,2,1,1,3,4,9,Low,False,False,True,False,False,False,True,False,True,False,False,False,True
1,1,18,0,1,1,1,2,3,1,0,0,1,1,1,1,0,1,1,4,3,3,2,3,3,3,12,Medium,False,False,False,False,False,False,True,False,False,True,False,False,False
1,0,17,1,0,1,2,2,1,3,0,0,0,0,1,1,1,0,1,3,4,3,1,1,3,8,11,Medium,False,True,False,False,False,False,False,False,True,False,False,True,False
1,0,17,0,0,1,1,2,1,1,0,0,0,0,1,1,1,1,0,3,5,5,1,3,1,14,5,Low,False,True,False,False,False,True,False,False,False,False,False,True,False
1,0,18,0,1,1,4,4,2,3,0,0,0,0,0,1,1,1,0,5,4,4,1,1,1,0,19,High,False,True,False,False,False,True,False,False,False,False,True,True,False
1,0,18,0,0,1,1,1,4,3,0,0,0,0,0,1,1,1,0,4,3,2,1,2,4,2,10,Medium,False,True,False,False,False,True,False,False,True,False,False,True,False
1,0,20,1,0,1,4,2,2,3,2,0,1,1,0,0,1,1,1,5,4,3,1,1,3,4,15,High,True,False,False,False,False,True,False,False,False,False,False,False,True
1,0,18,0,1,1,4,4,1,2,0,0,0,1,1,1,1,1,0,5,4,3,3,4,2,4,10,Medium,False,False,False,True,False,False,True,False,False,False,False,True,False
1,0,18,1,0,1,3,3,1,2,0,0,0,1,0,1,1,1,1,4,1,3,1,2,1,0,15,High,False,True,False,False,False,True,False,False,True,False,False,True,False
1,0,17,0,0,1,3,1,1,2,0,0,1,1,1,0,1,1,0,4,5,4,2,3,1,17,10,Medium,False,False,False,False,False,True,False,False,False,False,True,True,False
1,1,18,1,0,1,4,4,1,2,0,0,0,1,1,0,1,1,0,3,2,4,1,4,2,4,14,Medium,False,False,False,True,False,False,False,True,True,False,False,False,False
1,1,18,0,0,1,2,1,2,1,0,0,0,0,1,0,1,1,1,4,4,3,1,3,5,5,7,Low,False,True,False,False,False,True,False,False,False,True,False,True,False
1,1,17,1,0,1,2,3,2,2,0,0,0,0,1,1,1,1,0,4,4,3,1,1,3,2,10,Medium,False,True,False,False,False,False,True,False,True,False,False,False,False
1,1,19,0,0,1,1,1,2,1,1,0,0,0,0,1,1,0,0,4,3,2,1,3,5,0,0,Low,False,True,False,False,False,False,True,False,False,True,False,True,False
1,1,18,0,0,1,4,2,2,1,1,0,0,1,0,1,1,0,0,5,4,3,4,3,3,14,5,Low,False,True,False,False,False,True,False,False,True,False,False,False,False
1,0,18,0,0,1,2,2,2,3,0,0,0,1,0,1,1,0,0,5,3,3,1,3,4,2,10,Medium,False,False,False,False,False,True,False,False,False,True,False,True,False
1,0,18,0,0,1,4,4,3,1,0,0,1,1,1,1,1,1,1,4,4,3,2,2,5,7,6,Low,False,False,False,True,False,False,False,False,False,False,True,True,False
1,0,19,0,0,1,2,3,1,3,1,0,0,0,1,0,1,1,0,5,4,2,1,2,5,0,0,Low,False,False,True,False,False,True,False,False,False,False,False,True,False
1,0,18,1,1,1,3,1,1,2,0,0,1,1,0,1,1,1,0,4,3,4,1,1,1,0,8,Low,False,False,False,True,False,False,True,False,False,False,False,True,False
1,0,18,1,0,1,1,1,2,2,1,0,0,0,1,1,1,0,0,1,1,1,1,1,5,0,0,Low,False,True,False,False,False,True,False,False,False,False,False,True,False
1,1,20,1,1,0,2,2,1,2,2,0,1,1,0,1,1,0,0,5,5,4,4,5,4,11,9,Low,False,False,True,False,False,False,True,False,False,False,False,False,True
1,1,17,1,1,1,3,1,2,1,0,0,0,0,0,0,1,1,0,2,4,5,3,4,2,3,16,High,False,False,True,False,False,False,True,False,False,False,False,True,False
1,1,21,0,0,1,1,1,1,1,3,0,0,0,0,0,1,0,0,5,5,3,3,3,3,3,7,Low,False,True,False,False,False,True,False,False,False,False,False,False,True
1,1,18,0,1,1,3,2,3,1,0,0,0,0,0,0,1,1,0,4,4,1,3,4,5,0,10,Medium,False,False,True,False,False,True,False,False,False,False,False,True,False
1,1,19,1,1,1,1,1,1,1,0,0,0,0,0,1,1,1,0,3,2,3,3,3,5,5,9,Low,False,True,False,False,False,False,False,False,False,False,False,False,False
